<beans xmlns="http://www.springframework.org/schema/beans" xmlns:xsi="http://www.w3.org/2001/XMLSchema-instance" xsi:schemaLocation="http://www.springframework.org/schema/beans https://www.springframework.org/schema/beans/spring-beans.xsd">
<!--  Root Context: defines shared resources visible to all other web components  -->
<bean id="mailSender" class="org.springframework.mail.javamail.JavaMailSenderImpl">
<property name="host" value="smtp.gmail.com"/>
<property name="port" value="587"/>
<property name="username" value="knnn4533@gmail.com"/>
<property name="password" value="lhcr agip rmrs hwnb"/>
<property name="javaMailProperties">
<props>
<prop key="mail.smtp.auth">true</prop>
<prop key="mail.smtp.starttls.enable">true</prop>
<prop key="mail.debug">true</prop>
</props>
</property>
</bean>
</beans>